{
    "activity": "SrmBbbTest",
    "protocol": "tte",
    "datetime": "2020-10-15 14:55:05",
    "steps": 750,
    "duration": 753.0,
    "warmup": 180.0,
    "recovery": 446.0,
    "resistance": 280.0,
    "bbb_offset": -8.0,
    "vo2_avr": 2304.3277587868715,
    "vo2_max": 4297.0804125
}