{
    "activity": "SrmBbbTest",
    "protocol": "tte",
    "datetime": "2020-11-02 14:22:54",
    "steps": 591,
    "duration": 593.0,
    "warmup": 180.0,
    "recovery": 293.0,
    "resistance": 330.0,
    "bbb_offset": -16.0,
    "vo2_avr": 1950.4691550741445,
    "vo2_max": 4024.9151782
}