{
    "activity": "SrmBbbTest",
    "protocol": "tte",
    "datetime": "2020-10-29 18:03:27",
    "steps": 808,
    "duration": 828.0,
    "warmup": 180.0,
    "recovery": 508.0,
    "resistance": 343.0,
    "bbb_offset": -45.0,
    "vo2_avr": 3020.4924967206543,
    "vo2_max": 5249.8248773
}