{
    "activity": "SrmBbbTest",
    "protocol": "ramp",
    "datetime": "2020-10-26 16:28:11",
    "steps": 1189,
    "duration": 1197.0,
    "warmup": 180.0,
    "recovery": 888.0,
    "resistance": 410.0,
    "bbb_offset": -17.0,
    "vo2_avr": 2799.615957121587,
    "vo2_max": 5092.6785507
}