{
    "activity": "SRMBbbTest",
    "protocol": "ramp",
    "datetime": "2020-09-10 14:30:29",
    "steps": 903,
    "duration": 902,
    "warmup": 180.0,
    "recovery": 736.0,
    "resistance": 440.0,
    "bbb_offset": -10.0,
    "vo2_avr": 2304.6064880131016,
    "vo2_max": 4673.8617527
}