{
    "activity": "SRMBbbTest",
    "protocol": "tte",
    "datetime": "2020-11-02 16:33:11",
    "steps": 677,
    "duration": 679.0,
    "warmup": 180.0,
    "recovery": 376.0,
    "resistance": 396.0,
    "bbb_offset": -10.0,
    "vo2_avr": 2704.352579983799,
    "vo2_max": 5089.028161
}