{
    "activity": "SrmBbbTest",
    "protocol": "tte",
    "datetime": "2020-11-02 17:01:12",
    "steps": 670,
    "duration": 674.0,
    "warmup": 180.0,
    "recovery": 370.0,
    "resistance": 288.0,
    "bbb_offset": -62.0,
    "vo2_avr": 2073.0301648263976,
    "vo2_max": 4301.4452285
}