{
    "activity": "SrmBbbTest",
    "protocol": "tte",
    "datetime": "2020-11-09 15:25:26",
    "steps": 1209,
    "duration": 1212.0,
    "warmup": 180.0,
    "recovery": 910.0,
    "resistance": 224.0,
    "bbb_offset": -14.0,
    "vo2_avr": 2579.5953004598723,
    "vo2_max": 4552.7316967
}