{
    "activity": "SRMBbbTest",
    "protocol": "tte",
    "datetime": "2020-10-29 18:32:12",
    "steps": 810,
    "duration": 819.0,
    "warmup": 180.0,
    "recovery": 508.0,
    "resistance": 245.0,
    "bbb_offset": -22.0,
    "vo2_avr": 2304.308513894699,
    "vo2_max": 5454.9522496
}