{
    "activity": "StandardBikeBbb",
    "protocol": "tt",
    "datetime": "2022-08-11 16:03:00",
    "steps": 375,
    "duration": 420.0,
    "warmup": 0.0,
    "recovery": 360.0,
    "bbb_offset": -1.0,
    "vo2_avr": 4555.806612225074,
    "vo2_max": 5710.7055349
}