{
    "activity": "SrmBbbTest",
    "protocol": "ramp",
    "datetime": "2020-11-12 15:12:07",
    "steps": 1091,
    "duration": 1095.0,
    "warmup": 180.0,
    "recovery": 791.0,
    "resistance": 270.0,
    "bbb_offset": -29.0,
    "vo2_avr": 1897.4882560461538,
    "vo2_max": 3005.0838596
}