{
    "activity": "SrmBbbTest",
    "protocol": "tte",
    "datetime": "2021-01-18 17:01:00",
    "steps": 638,
    "duration": 637,
    "warmup": 180.0,
    "recovery": 337.0,
    "resistance": 299.0,
    "bbb_offset": -7.0,
    "vo2_avr": 1960.7172786463916,
    "vo2_max": 3801.0905296
}