{
    "activity": "SrmBbbTest",
    "protocol": "tte",
    "datetime": "2021-01-15 15:59:00",
    "steps": 601,
    "duration": 605.0,
    "warmup": 180.0,
    "recovery": 298.0,
    "resistance": 324.0,
    "bbb_offset": -12.0,
    "vo2_avr": 1957.3475028717614,
    "vo2_max": 4037.6574478
}